{
  "weights": [
    -0.15616721125425972,
    0.2293680429852122,
    0.5870785115170387,
    -0.837969188098088,
    0.871077585494144,
    0.9728869444888625
  ],
  "bias": -0.17231204297436145,
  "feature_names": [
    "Age",
    "Cholesterol",
    "BP",
    "Max_HR",
    "ST_depression",
    "Number_of_vessels_fluro"
  ],
  "normalization_params": {
    "mean": [
      54.58201058201058,
      256.21693121693124,
      131.64550264550263,
      149.13227513227514,
      1.0380952380952384,
      0.6772486772486772
    ],
    "std": [
      9.294698618706605,
      52.7614229874625,
      18.418883896876242,
      23.371362787126408,
      1.1259933046633255,
      0.9685864060528188
    ]
  },
  "training_info": {
    "lambda": 0.0,
    "alpha": 0.01,
    "iterations": 2000,
    "final_accuracy": 0.7530864197530864
  }
}